{"biography": "𝗤𝗮𝗹𝗮𝗶𝘀𝘆𝗻 𝗶𝗶𝗶𝗶𝗶𝗶?\n📍𝙺𝚣/𝙰𝚕𝚖𝚊𝚝𝚢\n👼🏻18 y.o\n👑𝙆𝙝𝙖𝙉𝙉\n❗аккуратнее,\nу меня самый сладкий возраст💥", "date_joined": "2018-11-15T02:45:08", "email": "ashimova-02@bk.ru", "gender": "female", "private_account": false, "name": "𝔸𝕤𝕙𝕚𝕞𝕠𝕧𝕒  𝙕𝙝𝙪𝙡𝙙𝙮𝙯", "profile_pic_url": "https://scontent.cdninstagram.com/v/t51.2885-19/s150x150/101804839_635587730362009_361775527817641984_n.jpg?_nc_ht=scontent.cdninstagram.com&_nc_ohc=knBDwe62CLcAX9UwPU4&oh=d0473ff994d8678834eb351f4c9a574d&oe=5F93C71A", "username": "ashim.ovaa", "connected_facebook_account_date_of_birth": "2002-05-09", "date_of_birth": "2002-05-09", "business_facebook_page_name": "�Zhuldyz�", "profile_picture_changes": [{"upload_timestamp": "2019-08-03T14:18:39+00:00"}, {"upload_timestamp": "2019-08-04T03:10:48+00:00"}, {"upload_timestamp": "2019-08-13T16:58:41+00:00"}, {"upload_timestamp": "2019-11-15T03:59:35+00:00"}, {"upload_timestamp": "2020-01-19T17:08:50+00:00"}, {"upload_timestamp": "2020-03-20T11:07:32+00:00"}, {"upload_timestamp": "2020-03-27T04:19:23+00:00"}, {"upload_timestamp": "2020-03-27T04:21:31+00:00"}, {"upload_timestamp": "2020-03-28T18:24:13+00:00"}, {"upload_timestamp": "2020-06-02T18:16:54+00:00"}, {"upload_timestamp": "2020-06-02T18:18:40+00:00"}]}