[{"first_name": "Татеем", "last_name": "", "contact": "7029148197", "imported_time": "2020-08-08T06:55:42+00:00"}, {"first_name": "Бану Тате", "last_name": "", "contact": "7075073638", "imported_time": "2020-08-08T06:55:42+00:00"}, {"first_name": "Арука🐨", "last_name": "", "contact": "7779630541", "imported_time": "2020-08-08T06:55:42+00:00"}, {"first_name": "Zhantore😌", "last_name": "", "contact": "7478570715", "imported_time": "2020-08-08T06:55:42+00:00"}, {"first_name": "Ботақан❤️", "last_name": "", "contact": "7028217673", "imported_time": "2020-08-08T06:55:42+00:00"}, {"first_name": "Ая💃", "last_name": "", "contact": "7072978466", "imported_time": "2020-08-08T06:55:42+00:00"}, {"first_name": "Дәкенти😏", "last_name": "", "contact": "7079556250", "imported_time": "2020-08-08T06:55:42+00:00"}, {"first_name": "Салима♥️", "last_name": "", "contact": "7479770324", "imported_time": "2018-11-15T10:55:40+00:00"}, {"first_name": "Асемам❤", "last_name": "", "contact": "7077717151", "imported_time": "2018-11-15T10:55:40+00:00"}, {"first_name": "Айдон", "last_name": "", "contact": "7479978032", "imported_time": "2018-11-15T10:55:40+00:00"}, {"first_name": "Azat", "last_name": "", "contact": "9994316505", "imported_time": "2018-11-15T10:55:40+00:00"}, {"first_name": "Балнар", "last_name": "", "contact": "7778044005", "imported_time": "2018-11-15T10:55:40+00:00"}, {"first_name": "Шаттық", "last_name": "", "contact": "7471544786", "imported_time": "2018-11-15T10:55:40+00:00"}, {"first_name": "Ернат", "last_name": "", "contact": "7084067023", "imported_time": "2018-11-15T10:55:40+00:00"}, {"first_name": "Аяулым 2", "last_name": "нов", "contact": "7072666281", "imported_time": "2018-11-15T10:55:40+00:00"}, {"first_name": "Берік", "last_name": "Аға", "contact": "7471104138", "imported_time": "2018-11-15T10:55:40+00:00"}, {"first_name": "Шерхан", "last_name": "", "contact": "7089657248", "imported_time": "2018-11-15T10:55:40+00:00"}, {"first_name": "Botam💕", "last_name": "", "contact": "7028217673", "imported_time": "2018-11-15T10:55:40+00:00"}, {"first_name": "🤗♥️", "last_name": "", "contact": "7784684283", "imported_time": "2018-11-15T10:55:40+00:00"}, {"first_name": "Бөпе", "last_name": "", "contact": "7756652027", "imported_time": "2018-11-15T10:55:40+00:00"}, {"first_name": "Жалын", "last_name": "", "contact": "7079772002", "imported_time": "2018-11-15T10:55:40+00:00"}, {"first_name": "тот", "last_name": "самый😏", "contact": "7478570715", "imported_time": "2018-11-15T10:55:40+00:00"}, {"first_name": "Маралым♥️", "last_name": "", "contact": "7477307861", "imported_time": "2018-11-15T10:55:40+00:00"}, {"first_name": "Зухрамғо💗", "last_name": "", "contact": "7475345166", "imported_time": "2018-11-15T10:55:40+00:00"}, {"first_name": "Аяулым 2", "last_name": "нов", "contact": "7081875767", "imported_time": "2018-11-15T10:55:40+00:00"}, {"first_name": "Амир", "last_name": "", "contact": "7029339502", "imported_time": "2018-11-15T10:55:40+00:00"}, {"first_name": "Ерлан", "last_name": "Аға", "contact": "7787437373", "imported_time": "2018-11-15T10:55:40+00:00"}, {"first_name": "Асылбек", "last_name": "", "contact": "7058959602", "imported_time": "2018-11-15T10:55:40+00:00"}, {"first_name": "Умай", "last_name": "Әпке", "contact": "7029148197", "imported_time": "2018-11-15T10:55:40+00:00"}, {"first_name": "Жансая", "last_name": "", "contact": "7073094300", "imported_time": "2018-11-15T10:55:40+00:00"}, {"first_name": "Аяука", "last_name": "", "contact": "7085732099", "imported_time": "2018-11-15T10:55:40+00:00"}, {"first_name": "Айя", "last_name": "💕", "contact": "7072978466", "imported_time": "2018-11-15T10:55:40+00:00"}, {"first_name": "Иса", "last_name": "", "contact": "7071926086", "imported_time": "2018-11-15T10:55:40+00:00"}, {"first_name": "Әбілқайыр", "last_name": "", "contact": "7083318785", "imported_time": "2018-11-15T10:55:40+00:00"}, {"first_name": "Ажар", "last_name": "", "contact": "7475613284", "imported_time": "2018-11-15T10:55:40+00:00"}, {"first_name": "Дәкөш Теле", "last_name": "2💕", "contact": "7079556250", "imported_time": "2018-11-15T10:55:40+00:00"}, {"first_name": "Аяудың", "last_name": "мамасы", "contact": "7473427784", "imported_time": "2018-11-15T10:55:40+00:00"}, {"first_name": "Нұр🌝", "last_name": "", "contact": "7088892519", "imported_time": "2018-11-15T10:55:40+00:00"}, {"first_name": "брат❤", "last_name": "", "contact": "7052588334", "imported_time": "2018-11-15T10:55:40+00:00"}, {"first_name": "Баха", "last_name": "", "contact": "7089562459", "imported_time": "2018-11-15T10:55:40+00:00"}, {"first_name": "Чепи", "last_name": "", "contact": "7762130202", "imported_time": "2018-11-15T10:55:40+00:00"}, {"first_name": "Ақжол", "last_name": "Аға", "contact": "7478449250", "imported_time": "2018-11-15T10:55:40+00:00"}, {"first_name": "Жездемғооо", "last_name": "", "contact": "7086093228", "imported_time": "2018-11-15T10:55:40+00:00"}, {"first_name": ".", "last_name": "", "contact": "7475117844", "imported_time": "2018-11-15T10:55:40+00:00"}, {"first_name": "Beka", "last_name": "", "contact": "7762479445", "imported_time": "2018-11-15T10:55:40+00:00"}, {"first_name": "Нурсултан", "last_name": "", "contact": "7475980074", "imported_time": "2018-11-15T10:55:40+00:00"}, {"first_name": "Айым🤗", "last_name": "", "contact": "7751807970", "imported_time": "2018-11-15T10:55:40+00:00"}, {"first_name": "Қара қозым", "last_name": "💕", "contact": "7779630541", "imported_time": "2018-11-15T10:55:40+00:00"}, {"first_name": "Ye", "last_name": "Boy😎", "contact": "7071200759", "imported_time": "2018-11-15T10:55:40+00:00"}, {"first_name": "Назым😊", "last_name": "", "contact": "7471606573", "imported_time": "2018-11-15T10:55:40+00:00"}, {"first_name": "Аяука", "last_name": "", "contact": "7478969195", "imported_time": "2018-11-15T10:55:40+00:00"}, {"first_name": "Жанель", "last_name": "", "contact": "7071400509", "imported_time": "2018-11-15T10:55:40+00:00"}, {"first_name": "брат❤", "last_name": "", "contact": "7076241372", "imported_time": "2018-11-15T10:55:40+00:00"}, {"first_name": "Батырулан", "last_name": "", "contact": "7476045293", "imported_time": "2018-11-15T10:55:40+00:00"}, {"first_name": "Алишерғооой😏", "last_name": "", "contact": "7473464996", "imported_time": "2018-11-15T10:55:40+00:00"}, {"first_name": "Ернат", "last_name": "", "contact": "7004067023", "imported_time": "2018-11-15T10:55:40+00:00"}, {"first_name": "Ерлан", "last_name": "Аға", "contact": "7476177373", "imported_time": "2018-11-15T10:55:40+00:00"}, {"first_name": "Жалын", "last_name": "", "contact": "7782823621", "imported_time": "2018-11-15T10:55:40+00:00"}, {"first_name": "Гүлімім♥️", "last_name": "", "contact": "7772143368", "imported_time": "2018-11-15T10:55:40+00:00"}, {"first_name": "Чипсы🤤", "last_name": "", "contact": "7478245017", "imported_time": "2018-11-15T10:55:40+00:00"}, {"first_name": "Гуля", "last_name": "Тәтем♥️", "contact": "7477500767", "imported_time": "2018-11-15T10:55:40+00:00"}, {"first_name": "Тавар", "last_name": "", "contact": "7078800515", "imported_time": "2018-11-15T10:55:40+00:00"}, {"first_name": "Жанмғой♥️", "last_name": "", "contact": "7772778001", "imported_time": "2018-11-15T10:55:40+00:00"}, {"first_name": "Насир", "last_name": "", "contact": "7088439144", "imported_time": "2018-11-15T10:55:40+00:00"}, {"first_name": "Тұрар", "last_name": "", "contact": "7028295625", "imported_time": "2018-11-15T10:55:40+00:00"}, {"first_name": "Нурия", "last_name": "тате", "contact": "7082037445", "imported_time": "2018-11-15T10:55:40+00:00"}, {"first_name": "Упок", "last_name": "", "contact": "7782946445", "imported_time": "2018-11-15T10:55:40+00:00"}, {"first_name": "Бакосім💗", "last_name": "", "contact": "7478238676", "imported_time": "2018-11-15T10:55:40+00:00"}, {"first_name": "Полина", "last_name": "", "contact": "7476460091", "imported_time": "2018-11-15T10:55:40+00:00"}, {"first_name": "Администратыыыыр", "last_name": "", "contact": "7073565071", "imported_time": "2018-11-15T10:55:40+00:00"}, {"first_name": "Газиза♥️", "last_name": "", "contact": "7076062671", "imported_time": "2018-11-15T10:55:40+00:00"}, {"first_name": "Арал", "last_name": "Жездем", "contact": "7076142561", "imported_time": "2018-11-15T10:55:40+00:00"}, {"first_name": "Ердаулет", "last_name": "", "contact": "7082585563", "imported_time": "2018-11-15T10:55:40+00:00"}, {"first_name": "Джавид", "last_name": "", "contact": "7782843132", "imported_time": "2018-11-15T10:55:40+00:00"}, {"first_name": "Ердаулет", "last_name": "", "contact": "7016310090", "imported_time": "2018-11-15T10:55:40+00:00"}, {"first_name": "АруЖаным", "last_name": "", "contact": "7022497219", "imported_time": "2018-11-15T10:55:40+00:00"}, {"first_name": "Жанымғооо", "last_name": "жаным", "contact": "7775723691", "imported_time": "2018-11-15T10:55:40+00:00"}, {"first_name": "Ками", "last_name": "", "contact": "7472657202", "imported_time": "2018-11-15T10:55:40+00:00"}, {"first_name": "Твиксім💕", "last_name": "❤", "contact": "7779630541"}, {"first_name": "Зухрамғо💗", "last_name": "❤", "contact": "7475345166"}, {"first_name": "Aıan❤", "last_name": "ЗоЛоТоЙғОй", "contact": "7079073804"}, {"first_name": "Aıan❤", "last_name": "ЗоЛоТоЙғОй", "contact": "7472877647"}]